{
  "test_mae": 141.44076538085938,
  "test_rmse": 218.49563782830998,
  "test_r2": 0.9877365231513977,
  "test_mape": 5.819446696336049,
  "baseline_naive_mae": 588.9766906916117,
  "baseline_seasonal_mae": 586.1751265143383,
  "improvement_vs_naive_pct": 75.98533734590224,
  "error_by_hour": {
    "0": 77.75842005691248,
    "1": 43.67532281561212,
    "2": 31.975098176435992,
    "3": 30.2715144266609,
    "4": 46.09249397560402,
    "5": 88.7434305303237,
    "6": 161.96082238590017,
    "7": 206.6270191150398,
    "8": 200.756262522342,
    "9": 160.11381283928367,
    "10": 134.77340339211855,
    "11": 111.2447031321543,
    "12": 125.73449215172847,
    "13": 133.84637384100276,
    "14": 135.72611312027817,
    "15": 203.913086831788,
    "16": 210.52676872281364,
    "17": 194.6224646935096,
    "18": 153.22894488324175,
    "19": 136.77632918025984,
    "20": 122.05728831308666,
    "21": 227.68858991350447,
    "22": 228.27281194554143,
    "23": 219.89510828933436
  }
}